ags;name;year;value
01001;Flensburg, Stadt;2025;9.59
01002;Kiel, Landeshauptstadt;2025;10.4
01003;Lübeck, Hansestadt;2025;11.73
01004;Neumünster, Stadt;2025;9.16
01051;Dithmarschen;2025;9.43
01053;Herzogtum Lauenburg;2025;10.26
01054;Nordfriesland;2025;10.71
01055;Ostholstein;2025;11.44
01056;Pinneberg;2025;12.43
01057;Plön;2025;10.83
01058;Rendsburg-Eckernförde;2025;9.98
01059;Schleswig-Flensburg;2025;9.17
01060;Segeberg;2025;12.12
01061;Steinburg;2025;9.14
01062;Stormarn;2025;12.37
02000;Hamburg, Freie und Hansestadt;2025;14.68
03101;Braunschweig, Stadt;2025;10.19
03102;Salzgitter, Stadt;2025;6.44
03103;Wolfsburg, Stadt;2025;8.99
03151;Gifhorn;2025;9
03153;Goslar;2025;7.14
03154;Helmstedt;2025;7.31
03155;Northeim;2025;7
03157;Peine;2025;9.08
03158;Wolfenbüttel;2025;8.22
03159;Göttingen;2025;9.93
03241;Region Hannover;2025;10.53
03251;Diepholz;2025;8.95
03252;Hameln-Pyrmont;2025;7.6
03254;Hildesheim;2025;8.61
03255;Holzminden;2025;6.77
03256;Nienburg (Weser);2025;8.17
03257;Schaumburg;2025;8.24
03351;Celle;2025;8.44
03352;Cuxhaven;2025;9.35
03353;Harburg;2025;12.06
03354;Lüchow-Dannenberg;2025;6.57
03355;Lüneburg;2025;11.12
03356;Osterholz;2025;9.46
03357;Rotenburg (Wümme);2025;9.03
03358;Heidekreis;2025;8.35
03359;Stade;2025;10.59
03360;Uelzen;2025;8.64
03361;Verden;2025;9.85
03401;Delmenhorst, Stadt;2025;8.95
03402;Emden, Stadt;2025;8.01
03403;Oldenburg (Oldenburg), Stadt;2025;11.08
03404;Osnabrück, Stadt;2025;10.39
03405;Wilhelmshaven, Stadt;2025;6.94
03451;Ammerland;2025;10.49
03452;Aurich;2025;8.53
03453;Cloppenburg;2025;8.43
03454;Emsland;2025;9.09
03455;Friesland;2025;8.42
03456;Grafschaft Bentheim;2025;9.62
03457;Leer;2025;8.77
03458;Oldenburg;2025;9.09
03459;Osnabrück;2025;8.35
03460;Vechta;2025;9.01
03461;Wesermarsch;2025;7.77
03462;Wittmund;2025;8.86
04011;Bremen, Stadt;2025;11.06
04012;Bremerhaven, Stadt;2025;7.61
05111;Düsseldorf, Stadt;2025;13.77
05112;Duisburg, Stadt;2025;7.94
05113;Essen, Stadt;2025;9.27
05114;Krefeld, Stadt;2025;9.65
05116;Mönchengladbach, Stadt;2025;9.43
05117;Mülheim an der Ruhr, Stadt;2025;9.24
05119;Oberhausen, Stadt;2025;8.14
05120;Remscheid, Stadt;2025;7.69
05122;Solingen, Klingenstadt;2025;9.03
05124;Wuppertal, Stadt;2025;8.62
05154;Kleve;2025;8.93
05158;Mettmann;2025;10.47
05162;Rhein-Kreis Neuss;2025;10.91
05166;Viersen;2025;9.54
05170;Wesel;2025;8.84
05314;Bonn, Stadt;2025;12.76
05315;Köln, Stadt;2025;13.79
05316;Leverkusen, Stadt;2025;10.7
05334;Städteregion Aachen;2025;10.37
05358;Düren;2025;9.11
05362;Rhein-Erft-Kreis;2025;11.58
05366;Euskirchen;2025;9.59
05370;Heinsberg;2025;8.95
05374;Oberbergischer Kreis;2025;8.54
05378;Rheinisch-Bergischer Kreis;2025;10.69
05382;Rhein-Sieg-Kreis;2025;11.07
05512;Bottrop, Stadt;2025;8.48
05513;Gelsenkirchen, Stadt;2025;7.13
05515;Münster, Stadt;2025;11.84
05554;Borken;2025;9.32
05558;Coesfeld;2025;9.89
05562;Recklinghausen;2025;7.77
05566;Steinfurt;2025;9.41
05570;Warendorf;2025;8.91
05711;Bielefeld, Stadt;2025;9.52
05754;Gütersloh;2025;9.56
05758;Herford;2025;8.14
05762;Höxter;2025;6.94
05766;Lippe;2025;8.15
05770;Minden-Lübbecke;2025;9.22
05774;Paderborn;2025;9.47
05911;Bochum, Stadt;2025;9.05
05913;Dortmund, Stadt;2025;9.2
05914;Hagen, Stadt der FernUniversität;2025;7.19
05915;Hamm, Stadt;2025;7.65
05916;Herne, Stadt;2025;7.68
05954;Ennepe-Ruhr-Kreis;2025;8.15
05958;Hochsauerlandkreis;2025;7.35
05962;Märkischer Kreis;2025;7.13
05966;Olpe;2025;8.69
05970;Siegen-Wittgenstein;2025;8.21
05974;Soest;2025;8.42
05978;Unna;2025;8.08
06411;Darmstadt, Wissenschaftsstadt;2025;14.16
06412;Frankfurt am Main, Stadt;2025;16.64
06413;Offenbach am Main, Stadt;2025;13.6
06414;Wiesbaden, Landeshauptstadt;2025;13.24
06431;Bergstraße;2025;10.88
06432;Darmstadt-Dieburg;2025;11.79
06433;Groß-Gerau;2025;12.77
06434;Hochtaunuskreis;2025;13.68
06435;Main-Kinzig-Kreis;2025;11.19
06436;Main-Taunus-Kreis;2025;13.49
06437;Odenwaldkreis;2025;9.11
06438;Offenbach;2025;12.73
06439;Rheingau-Taunus-Kreis;2025;10.94
06440;Wetteraukreis;2025;11.3
06531;Gießen;2025;10.86
06532;Lahn-Dill-Kreis;2025;9.11
06533;Limburg-Weilburg;2025;9.53
06534;Marburg-Biedenkopf;2025;10.01
06535;Vogelsbergkreis;2025;7.61
06611;Kassel, documenta-Stadt;2025;9.05
06631;Fulda;2025;9.69
06632;Hersfeld-Rotenburg;2025;7.88
06633;Kassel;2025;8.86
06634;Schwalm-Eder-Kreis;2025;7.59
06635;Waldeck-Frankenberg;2025;7.35
06636;Werra-Meißner-Kreis;2025;6.97
07111;Koblenz, kreisfreie Stadt;2025;10.65
07131;Ahrweiler;2025;9.72
07132;Altenkirchen (Westerwald);2025;8
07133;Bad Kreuznach;2025;9.8
07134;Birkenfeld;2025;7.45
07135;Cochem-Zell;2025;7.98
07137;Mayen-Koblenz;2025;9.12
07138;Neuwied;2025;9.41
07140;Rhein-Hunsrück-Kreis;2025;8.32
07141;Rhein-Lahn-Kreis;2025;8.99
07143;Westerwaldkreis;2025;8.72
07211;Trier, kreisfreie Stadt;2025;11.32
07231;Bernkastel-Wittlich;2025;8.43
07232;Eifelkreis Bitburg-Prüm;2025;9.31
07233;Vulkaneifel;2025;8.02
07235;Trier-Saarburg;2025;9.58
07311;Frankenthal (Pfalz), kreisfreie Stadt;2025;10.82
07312;Kaiserslautern, kreisfreie Stadt;2025;10.42
07313;Landau in der Pfalz, kreisfreie Stadt;2025;10.86
07314;Ludwigshafen am Rhein, kreisfreie Stadt;2025;11.27
07315;Mainz, kreisfreie Stadt;2025;14.22
07316;Neustadt an der Weinstraße, kreisfreie Stadt;2025;10.41
07317;Pirmasens, kreisfreie Stadt;2025;6.97
07318;Speyer, kreisfreie Stadt;2025;10.82
07319;Worms, kreisfreie Stadt;2025;10.22
07320;Zweibrücken, kreisfreie Stadt;2025;7.48
07331;Alzey-Worms;2025;9.93
07332;Bad Dürkheim;2025;10.14
07333;Donnersbergkreis;2025;9.21
07334;Germersheim;2025;10.68
07335;Kaiserslautern;2025;9.89
07336;Kusel;2025;8.45
07337;Südliche Weinstraße;2025;9.8
07338;Rhein-Pfalz-Kreis;2025;10.82
07339;Mainz-Bingen;2025;11.05
07340;Südwestpfalz;2025;7.47
08111;Stuttgart, Stadtkreis;2025;16.02
08115;Böblingen;2025;13.67
08116;Esslingen;2025;13.06
08117;Göppingen;2025;11.13
08118;Ludwigsburg;2025;13.59
08119;Rems-Murr-Kreis;2025;12.79
08121;Heilbronn, Stadtkreis;2025;12.76
08125;Heilbronn;2025;11.95
08126;Hohenlohekreis;2025;10.37
08127;Schwäbisch Hall;2025;10.33
08128;Main-Tauber-Kreis;2025;9.07
08135;Heidenheim;2025;10
08136;Ostalbkreis;2025;10.83
08211;Baden-Baden, Stadtkreis;2025;11.61
08212;Karlsruhe, Stadtkreis;2025;13.15
08215;Karlsruhe;2025;11.27
08216;Rastatt;2025;10.66
08221;Heidelberg, Stadtkreis;2025;14.49
08222;Mannheim, Stadtkreis;2025;12.53
08225;Neckar-Odenwald-Kreis;2025;9.41
08226;Rhein-Neckar-Kreis;2025;11.69
08231;Pforzheim, Stadtkreis;2025;10.62
08235;Calw;2025;10.11
08236;Enzkreis;2025;10.86
08237;Freudenstadt;2025;9.72
08311;Freiburg im Breisgau, Stadtkreis;2025;12.88
08315;Breisgau-Hochschwarzwald;2025;12.42
08316;Emmendingen;2025;12.19
08317;Ortenaukreis;2025;10.66
08325;Rottweil;2025;9.09
08326;Schwarzwald-Baar-Kreis;2025;9.88
08327;Tuttlingen;2025;10.04
08335;Konstanz;2025;12.8
08336;Lörrach;2025;12.87
08337;Waldshut;2025;10.6
08415;Reutlingen;2025;11.88
08416;Tübingen;2025;12.59
08417;Zollernalbkreis;2025;9.77
08421;Ulm, Stadtkreis;2025;13.75
08425;Alb-Donau-Kreis;2025;11.1
08426;Biberach;2025;11.13
08435;Bodenseekreis;2025;13.2
08436;Ravensburg;2025;11.65
08437;Sigmaringen;2025;9.44
09161;Ingolstadt;2025;13.06
09162;München, Landeshauptstadt;2025;21.01
09163;Rosenheim, Stadt;2025;14.33
09171;Altötting;2025;10.45
09172;Berchtesgadener Land;2025;12.18
09173;Bad Tölz-Wolfratshausen;2025;14.53
09174;Dachau;2025;15.78
09175;Ebersberg;2025;15.67
09176;Eichstätt;2025;11.12
09177;Erding;2025;13.21
09178;Freising;2025;14.41
09179;Fürstenfeldbruck;2025;16.64
09180;Garmisch-Partenkirchen;2025;13.73
09181;Landsberg am Lech;2025;13.06
09182;Miesbach;2025;15.85
09183;Mühldorf a.Inn;2025;10.7
09184;München;2025;18.72
09185;Neuburg-Schrobenhausen;2025;11.1
09186;Pfaffenhofen a.d.Ilm;2025;11.86
09187;Rosenheim;2025;13.1
09188;Starnberg;2025;17.23
09189;Traunstein;2025;11.72
09190;Weilheim-Schongau;2025;13.22
09261;Landshut, Stadt;2025;12.77
09262;Passau, Stadt;2025;10.47
09263;Straubing;2025;10.06
09271;Deggendorf;2025;9.96
09272;Freyung-Grafenau;2025;8.08
09273;Kelheim;2025;10.12
09274;Landshut;2025;10.53
09275;Passau;2025;9.07
09276;Regen;2025;7.55
09277;Rottal-Inn;2025;8.83
09278;Straubing-Bogen;2025;9.23
09279;Dingolfing-Landau;2025;9.67
09361;Amberg;2025;10.29
09362;Regensburg, Stadt;2025;13.76
09363;Weiden i.d.OPf.;2025;9.4
09371;Amberg-Sulzbach;2025;8.28
09372;Cham;2025;8.38
09373;Neumarkt i.d.OPf.;2025;10.89
09374;Neustadt a.d.Waldnaab;2025;8.14
09375;Regensburg;2025;10.19
09376;Schwandorf;2025;9.13
09377;Tirschenreuth;2025;7.24
09461;Bamberg, Stadt;2025;11.92
09462;Bayreuth, Stadt;2025;11.48
09463;Coburg, Stadt;2025;8.9
09464;Hof, Stadt;2025;7.46
09471;Bamberg;2025;10.76
09472;Bayreuth;2025;9.49
09473;Coburg;2025;7.73
09474;Forchheim;2025;10.35
09475;Hof;2025;7.03
09476;Kronach;2025;8.3
09477;Kulmbach;2025;8.18
09478;Lichtenfels;2025;8.47
09479;Wunsiedel i.Fichtelgebirge;2025;7.14
09561;Ansbach, Stadt;2025;9.84
09562;Erlangen;2025;12.83
09563;Fürth, Stadt;2025;12.37
09564;Nürnberg, Stadt;2025;12.46
09565;Schwabach;2025;10.45
09571;Ansbach;2025;9.04
09572;Erlangen-Höchstadt;2025;11.27
09573;Fürth;2025;11.44
09574;Nürnberger Land;2025;10.99
09575;Neustadt a.d.Aisch-Bad Windsheim;2025;9.41
09576;Roth;2025;10.45
09577;Weißenburg-Gunzenhausen;2025;9.58
09661;Aschaffenburg, Stadt;2025;11.57
09662;Schweinfurt, Stadt;2025;8.9
09663;Würzburg, Stadt;2025;12.54
09671;Aschaffenburg;2025;10.35
09672;Bad Kissingen;2025;7.99
09673;Rhön-Grabfeld;2025;8.08
09674;Haßberge;2025;8.38
09675;Kitzingen;2025;9.52
09676;Miltenberg;2025;9.85
09677;Main-Spessart;2025;8.86
09678;Schweinfurt;2025;8.79
09679;Würzburg;2025;10.99
09761;Augsburg, Stadt;2025;13.58
09762;Kaufbeuren;2025;10.53
09763;Kempten (Allgäu);2025;12.1
09764;Memmingen;2025;11.88
09771;Aichach-Friedberg;2025;11.99
09772;Augsburg;2025;12.11
09773;Dillingen a.d.Donau;2025;10.15
09774;Günzburg;2025;10.47
09775;Neu-Ulm;2025;12.16
09776;Lindau (Bodensee);2025;12.85
09777;Ostallgäu;2025;11.69
09778;Unterallgäu;2025;11.37
09779;Donau-Ries;2025;10.2
09780;Oberallgäu;2025;12.1
10041;Regionalverband Saarbrücken;2025;9.07
10042;Merzig-Wadern;2025;9.24
10043;Neunkirchen;2025;8.15
10044;Saarlouis;2025;8.75
10045;Saarpfalz-Kreis;2025;9.76
10046;St. Wendel;2025;8.41
11000;Berlin, Stadt;2025;14.09
12051;Brandenburg an der Havel, Stadt;2025;8.54
12052;Cottbus, Stadt;2025;7.97
12053;Frankfurt (Oder), Stadt;2025;7.54
12054;Potsdam, Stadt;2025;12.02
12060;Barnim;2025;10.43
12061;Dahme-Spreewald;2025;14.05
12062;Elbe-Elster;2025;6.19
12063;Havelland;2025;11.05
12064;Märkisch-Oderland;2025;9.84
12065;Oberhavel;2025;12.71
12066;Oberspreewald-Lausitz;2025;6.54
12067;Oder-Spree;2025;9.64
12068;Ostprignitz-Ruppin;2025;8.72
12069;Potsdam-Mittelmark;2025;10.04
12070;Prignitz;2025;7.1
12071;Spree-Neiße;2025;6.43
12072;Teltow-Fläming;2025;10.02
12073;Uckermark;2025;7.17
13003;Rostock;2025;10.94
13004;Schwerin;2025;9.37
13071;Mecklenburgische Seenplatte;2025;6.75
13072;Landkreis Rostock;2025;8.52
13073;Vorpommern-Rügen;2025;8.54
13074;Nordwestmecklenburg;2025;8.73
13075;Vorpommern-Greifswald;2025;8.78
13076;Ludwigslust-Parchim;2025;7.54
14511;Chemnitz, Stadt;2025;5.86
14521;Erzgebirgskreis;2025;5.76
14522;Mittelsachsen;2025;6.02
14523;Vogtlandkreis;2025;5.35
14524;Zwickau;2025;6.03
14612;Dresden, Stadt;2025;9.64
14625;Bautzen;2025;6.2
14626;Görlitz;2025;5.89
14627;Meißen;2025;6.96
14628;Sächsische Schweiz-Osterzgebirge;2025;7.53
14713;Leipzig, Stadt;2025;9.9
14729;Leipzig;2025;7.24
14730;Nordsachsen;2025;7.35
15001;Dessau-Roßlau, Stadt;2025;7.05
15002;Halle (Saale), Stadt;2025;8.03
15003;Magdeburg, Landeshauptstadt;2025;7.37
15081;Altmarkkreis Salzwedel;2025;6.06
15082;Anhalt-Bitterfeld;2025;6.61
15083;Börde;2025;6.35
15084;Burgenlandkreis;2025;6.1
15085;Harz;2025;6.41
15086;Jerichower Land;2025;6.77
15087;Mansfeld-Südharz;2025;6.08
15088;Saalekreis;2025;6.67
15089;Salzlandkreis;2025;6.22
15090;Stendal;2025;6.54
15091;Wittenberg;2025;6.37
16051;Erfurt, Stadt;2025;10
16052;Gera, Stadt;2025;6.17
16053;Jena, Stadt;2025;11.66
16054;Suhl, Stadt;2025;6.73
16055;Weimar, Stadt;2025;9.75
16061;Eichsfeld;2025;7.16
16062;Nordhausen;2025;6.42
16063;Wartburgkreis;2025;7.02
16064;Unstrut-Hainich-Kreis;2025;6.34
16065;Kyffhäuserkreis;2025;6.31
16066;Schmalkalden-Meiningen;2025;6.69
16067;Gotha;2025;6.96
16068;Sömmerda;2025;7.46
16069;Hildburghausen;2025;7.05
16070;Ilm-Kreis;2025;7.71
16071;Weimarer Land;2025;8.2
16072;Sonneberg;2025;6.52
16073;Saalfeld-Rudolstadt;2025;6.81
16074;Saale-Holzland-Kreis;2025;7.18
16075;Saale-Orla-Kreis;2025;6.32
16076;Greiz;2025;5.68
16077;Altenburger Land;2025;6.14
