ags;name;asking;small_premium;nk_cold;nk_warm
01001;Flensburg, Stadt;9.59;1.036;1.3;1.2
01002;Kiel, Landeshauptstadt;10.4;1.022;1.3;1.2
01003;Lübeck, Hansestadt;11.73;1.019;1.3;1.2
01004;Neumünster, Stadt;9.16;1.022;1.3;1.2
01051;Dithmarschen;9.43;1.126;1.3;1.2
01053;Herzogtum Lauenburg;10.26;1.04;1.3;1.2
01054;Nordfriesland;10.71;1.133;1.3;1.2
01055;Ostholstein;11.44;1.066;1.3;1.2
01056;Pinneberg;12.43;1.031;1.3;1.2
01057;Plön;10.83;1.06;1.3;1.2
01058;Rendsburg-Eckernförde;9.98;1.064;1.3;1.2
01059;Schleswig-Flensburg;9.17;1.07;1.3;1.2
01060;Segeberg;12.12;1.064;1.3;1.2
01061;Steinburg;9.14;1.061;1.3;1.2
01062;Stormarn;12.37;1.043;1.3;1.2
02000;Hamburg, Freie und Hansestadt;14.68;1.001;1.6;1.3
03101;Braunschweig, Stadt;10.19;1.029;1.2;1.1
03102;Salzgitter, Stadt;6.44;1.025;1.2;1.1
03103;Wolfsburg, Stadt;8.99;1.017;1.2;1.1
03151;Gifhorn;9;1.066;1.2;1.1
03153;Goslar;7.14;1.097;1.2;1.1
03154;Helmstedt;7.31;1.063;1.2;1.1
03155;Northeim;7;1.111;1.2;1.1
03157;Peine;9.08;1.09;1.2;1.1
03158;Wolfenbüttel;8.22;1.075;1.2;1.1
03159;Göttingen;9.93;1.102;1.2;1.1
03241;Region Hannover;10.53;1.048;1.2;1.1
03251;Diepholz;8.95;1.11;1.2;1.1
03252;Hameln-Pyrmont;7.6;1.1;1.2;1.1
03254;Hildesheim;8.61;1.082;1.2;1.1
03255;Holzminden;6.77;1.109;1.2;1.1
03256;Nienburg (Weser);8.17;1.123;1.2;1.1
03257;Schaumburg;8.24;1.109;1.2;1.1
03351;Celle;8.44;1.081;1.1;1.0
03352;Cuxhaven;9.35;1.097;1.1;1.0
03353;Harburg;12.06;1.066;1.1;1.0
03354;Lüchow-Dannenberg;6.57;1.096;1.1;1.0
03355;Lüneburg;11.12;1.072;1.1;1.0
03356;Osterholz;9.46;1.107;1.1;1.0
03357;Rotenburg (Wümme);9.03;1.126;1.1;1.0
03358;Heidekreis;8.35;1.091;1.1;1.0
03359;Stade;10.59;1.077;1.1;1.0
03360;Uelzen;8.64;1.095;1.1;1.0
03361;Verden;9.85;1.122;1.1;1.0
03401;Delmenhorst, Stadt;8.95;1.059;1.0;0.9
03402;Emden, Stadt;8.01;1.069;1.0;0.9
03403;Oldenburg (Oldenburg), Stadt;11.08;1.073;1.0;0.9
03404;Osnabrück, Stadt;10.39;1.085;1.0;0.9
03405;Wilhelmshaven, Stadt;6.94;1.041;1.0;0.9
03451;Ammerland;10.49;1.111;1.0;0.9
03452;Aurich;8.53;1.175;1.0;0.9
03453;Cloppenburg;8.43;1.183;1.0;0.9
03454;Emsland;9.09;1.167;1.0;0.9
03455;Friesland;8.42;1.12;1.0;0.9
03456;Grafschaft Bentheim;9.62;1.112;1.0;0.9
03457;Leer;8.77;1.176;1.0;0.9
03458;Oldenburg;9.09;1.131;1.0;0.9
03459;Osnabrück;8.35;1.124;1.0;0.9
03460;Vechta;9.01;1.187;1.0;0.9
03461;Wesermarsch;7.77;1.071;1.0;0.9
03462;Wittmund;8.86;1.156;1.0;0.9
04011;Bremen, Stadt;11.06;1.052;1.4;1.1
04012;Bremerhaven, Stadt;7.61;1.038;1.4;1.1
05111;Düsseldorf, Stadt;13.77;1.008;1.4;1.1
05112;Duisburg, Stadt;7.94;1.014;1.4;1.1
05113;Essen, Stadt;9.27;1.006;1.4;1.1
05114;Krefeld, Stadt;9.65;1.008;1.4;1.1
05116;Mönchengladbach, Stadt;9.43;1.023;1.4;1.1
05117;Mülheim an der Ruhr, Stadt;9.24;0.998;1.4;1.1
05119;Oberhausen, Stadt;8.14;1.022;1.4;1.1
05120;Remscheid, Stadt;7.69;1.014;1.4;1.1
05122;Solingen, Klingenstadt;9.03;1.02;1.4;1.1
05124;Wuppertal, Stadt;8.62;1.016;1.4;1.1
05154;Kleve;8.93;1.071;1.4;1.1
05158;Mettmann;10.47;1.013;1.4;1.1
05162;Rhein-Kreis Neuss;10.91;1.023;1.4;1.1
05166;Viersen;9.54;1.033;1.4;1.1
05170;Wesel;8.84;1.028;1.4;1.1
05314;Bonn, Stadt;12.76;1.052;1.4;1.2
05315;Köln, Stadt;13.79;1.042;1.4;1.2
05316;Leverkusen, Stadt;10.7;1.02;1.4;1.2
05334;Städteregion Aachen;10.37;1.046;1.4;1.2
05358;Düren;9.11;1.074;1.4;1.2
05362;Rhein-Erft-Kreis;11.58;1.05;1.4;1.2
05366;Euskirchen;9.59;1.089;1.4;1.2
05370;Heinsberg;8.95;1.064;1.4;1.2
05374;Oberbergischer Kreis;8.54;1.059;1.4;1.2
05378;Rheinisch-Bergischer Kreis;10.69;1.038;1.4;1.2
05382;Rhein-Sieg-Kreis;11.07;1.061;1.4;1.2
05512;Bottrop, Stadt;8.48;1.007;1.2;1.1
05513;Gelsenkirchen, Stadt;7.13;1.02;1.2;1.1
05515;Münster, Stadt;11.84;1.058;1.2;1.1
05554;Borken;9.32;1.074;1.2;1.1
05558;Coesfeld;9.89;1.054;1.2;1.1
05562;Recklinghausen;7.77;1.017;1.2;1.1
05566;Steinfurt;9.41;1.07;1.2;1.1
05570;Warendorf;8.91;1.054;1.2;1.1
05711;Bielefeld, Stadt;9.52;1.052;1.1;1.0
05754;Gütersloh;9.56;1.065;1.1;1.0
05758;Herford;8.14;1.084;1.1;1.0
05762;Höxter;6.94;1.104;1.1;1.0
05766;Lippe;8.15;1.073;1.1;1.0
05770;Minden-Lübbecke;9.22;1.102;1.1;1.0
05774;Paderborn;9.47;1.097;1.1;1.0
05911;Bochum, Stadt;9.05;1.016;1.3;1.1
05913;Dortmund, Stadt;9.2;1.028;1.3;1.1
05914;Hagen, Stadt der FernUniversität;7.19;1.014;1.3;1.1
05915;Hamm, Stadt;7.65;1.032;1.3;1.1
05916;Herne, Stadt;7.68;1.023;1.3;1.1
05954;Ennepe-Ruhr-Kreis;8.15;1.013;1.3;1.1
05958;Hochsauerlandkreis;7.35;1.072;1.3;1.1
05962;Märkischer Kreis;7.13;1.036;1.3;1.1
05966;Olpe;8.69;1.077;1.3;1.1
05970;Siegen-Wittgenstein;8.21;1.077;1.3;1.1
05974;Soest;8.42;1.061;1.3;1.1
05978;Unna;8.08;1.018;1.3;1.1
06411;Darmstadt, Wissenschaftsstadt;14.16;1.068;1.4;1.3
06412;Frankfurt am Main, Stadt;16.64;1.045;1.4;1.3
06413;Offenbach am Main, Stadt;13.6;1.056;1.4;1.3
06414;Wiesbaden, Landeshauptstadt;13.24;1.018;1.4;1.3
06431;Bergstraße;10.88;1.088;1.4;1.3
06432;Darmstadt-Dieburg;11.79;1.085;1.4;1.3
06433;Groß-Gerau;12.77;1.079;1.4;1.3
06434;Hochtaunuskreis;13.68;1.026;1.4;1.3
06435;Main-Kinzig-Kreis;11.19;1.097;1.4;1.3
06436;Main-Taunus-Kreis;13.49;1.028;1.4;1.3
06437;Odenwaldkreis;9.11;1.112;1.4;1.3
06438;Offenbach;12.73;1.063;1.4;1.3
06439;Rheingau-Taunus-Kreis;10.94;1.067;1.4;1.3
06440;Wetteraukreis;11.3;1.103;1.4;1.3
06531;Gießen;10.86;1.116;1.1;1.1
06532;Lahn-Dill-Kreis;9.11;1.108;1.1;1.1
06533;Limburg-Weilburg;9.53;1.111;1.1;1.1
06534;Marburg-Biedenkopf;10.01;1.143;1.1;1.1
06535;Vogelsbergkreis;7.61;1.117;1.1;1.1
06611;Kassel, documenta-Stadt;9.05;1.037;1.1;1.1
06631;Fulda;9.69;1.125;1.1;1.1
06632;Hersfeld-Rotenburg;7.88;1.105;1.1;1.1
06633;Kassel;8.86;1.083;1.1;1.1
06634;Schwalm-Eder-Kreis;7.59;1.119;1.1;1.1
06635;Waldeck-Frankenberg;7.35;1.1;1.1;1.1
06636;Werra-Meißner-Kreis;6.97;1.083;1.1;1.1
07111;Koblenz, kreisfreie Stadt;10.65;1.099;1.0;1.0
07131;Ahrweiler;9.72;1.108;1.0;1.0
07132;Altenkirchen (Westerwald);8;1.11;1.0;1.0
07133;Bad Kreuznach;9.8;1.086;1.0;1.0
07134;Birkenfeld;7.45;1.088;1.0;1.0
07135;Cochem-Zell;7.98;1.177;1.0;1.0
07137;Mayen-Koblenz;9.12;1.1;1.0;1.0
07138;Neuwied;9.41;1.1;1.0;1.0
07140;Rhein-Hunsrück-Kreis;8.32;1.128;1.0;1.0
07141;Rhein-Lahn-Kreis;8.99;1.107;1.0;1.0
07143;Westerwaldkreis;8.72;1.115;1.0;1.0
07211;Trier, kreisfreie Stadt;11.32;1.088;1.0;1.0
07231;Bernkastel-Wittlich;8.43;1.109;1.0;1.0
07232;Eifelkreis Bitburg-Prüm;9.31;1.108;1.0;1.0
07233;Vulkaneifel;8.02;1.134;1.0;1.0
07235;Trier-Saarburg;9.58;1.11;1.0;1.0
07311;Frankenthal (Pfalz), kreisfreie Stadt;10.82;1.055;1.1;1.1
07312;Kaiserslautern, kreisfreie Stadt;10.42;1.031;1.1;1.1
07313;Landau in der Pfalz, kreisfreie Stadt;10.86;1.089;1.1;1.1
07314;Ludwigshafen am Rhein, kreisfreie Stadt;11.27;1.062;1.1;1.1
07315;Mainz, kreisfreie Stadt;14.22;1.058;1.1;1.1
07316;Neustadt an der Weinstraße, kreisfreie Stadt;10.41;1.065;1.1;1.1
07317;Pirmasens, kreisfreie Stadt;6.97;1.051;1.1;1.1
07318;Speyer, kreisfreie Stadt;10.82;1.059;1.1;1.1
07319;Worms, kreisfreie Stadt;10.22;1.068;1.1;1.1
07320;Zweibrücken, kreisfreie Stadt;7.48;1.082;1.1;1.1
07331;Alzey-Worms;9.93;1.093;1.1;1.1
07332;Bad Dürkheim;10.14;1.077;1.1;1.1
07333;Donnersbergkreis;9.21;1.095;1.1;1.1
07334;Germersheim;10.68;1.102;1.1;1.1
07335;Kaiserslautern;9.89;0.956;1.1;1.1
07336;Kusel;8.45;1.047;1.1;1.1
07337;Südliche Weinstraße;9.8;1.106;1.1;1.1
07338;Rhein-Pfalz-Kreis;10.82;1.072;1.1;1.1
07339;Mainz-Bingen;11.05;1.071;1.1;1.1
07340;Südwestpfalz;7.47;1.116;1.1;1.1
08111;Stuttgart, Stadtkreis;16.02;1.05;1.2;1.2
08115;Böblingen;13.67;1.065;1.2;1.2
08116;Esslingen;13.06;1.073;1.2;1.2
08117;Göppingen;11.13;1.093;1.2;1.2
08118;Ludwigsburg;13.59;1.074;1.2;1.2
08119;Rems-Murr-Kreis;12.79;1.081;1.2;1.2
08121;Heilbronn, Stadtkreis;12.76;1.08;1.2;1.2
08125;Heilbronn;11.95;1.106;1.2;1.2
08126;Hohenlohekreis;10.37;1.1;1.2;1.2
08127;Schwäbisch Hall;10.33;1.117;1.2;1.2
08128;Main-Tauber-Kreis;9.07;1.122;1.2;1.2
08135;Heidenheim;10;1.103;1.2;1.2
08136;Ostalbkreis;10.83;1.113;1.2;1.2
08211;Baden-Baden, Stadtkreis;11.61;1.062;1.2;1.2
08212;Karlsruhe, Stadtkreis;13.15;1.068;1.2;1.2
08215;Karlsruhe;11.27;1.081;1.2;1.2
08216;Rastatt;10.66;1.103;1.2;1.2
08221;Heidelberg, Stadtkreis;14.49;1.068;1.2;1.2
08222;Mannheim, Stadtkreis;12.53;1.053;1.2;1.2
08225;Neckar-Odenwald-Kreis;9.41;1.128;1.2;1.2
08226;Rhein-Neckar-Kreis;11.69;1.079;1.2;1.2
08231;Pforzheim, Stadtkreis;10.62;1.067;1.2;1.2
08235;Calw;10.11;1.088;1.2;1.2
08236;Enzkreis;10.86;1.083;1.2;1.2
08237;Freudenstadt;9.72;1.11;1.2;1.2
08311;Freiburg im Breisgau, Stadtkreis;12.88;1.069;1.1;1.2
08315;Breisgau-Hochschwarzwald;12.42;1.079;1.1;1.2
08316;Emmendingen;12.19;1.081;1.1;1.2
08317;Ortenaukreis;10.66;1.106;1.1;1.2
08325;Rottweil;9.09;1.1;1.1;1.2
08326;Schwarzwald-Baar-Kreis;9.88;1.107;1.1;1.2
08327;Tuttlingen;10.04;1.109;1.1;1.2
08335;Konstanz;12.8;1.096;1.1;1.2
08336;Lörrach;12.87;1.072;1.1;1.2
08337;Waldshut;10.6;1.101;1.1;1.2
08415;Reutlingen;11.88;1.094;1.1;1.2
08416;Tübingen;12.59;1.091;1.1;1.2
08417;Zollernalbkreis;9.77;1.128;1.1;1.2
08421;Ulm, Stadtkreis;13.75;1.054;1.1;1.2
08425;Alb-Donau-Kreis;11.1;1.131;1.1;1.2
08426;Biberach;11.13;1.145;1.1;1.2
08435;Bodenseekreis;13.2;1.083;1.1;1.2
08436;Ravensburg;11.65;1.111;1.1;1.2
08437;Sigmaringen;9.44;1.123;1.1;1.2
09161;Ingolstadt;13.06;1.09;1.4;1.4
09162;München, Landeshauptstadt;21.01;1.037;1.4;1.4
09163;Rosenheim, Stadt;14.33;1.042;1.4;1.4
09171;Altötting;10.45;1.085;1.4;1.4
09172;Berchtesgadener Land;12.18;1.06;1.4;1.4
09173;Bad Tölz-Wolfratshausen;14.53;1.046;1.4;1.4
09174;Dachau;15.78;1.082;1.4;1.4
09175;Ebersberg;15.67;1.067;1.4;1.4
09176;Eichstätt;11.12;1.144;1.4;1.4
09177;Erding;13.21;1.093;1.4;1.4
09178;Freising;14.41;1.117;1.4;1.4
09179;Fürstenfeldbruck;16.64;1.064;1.4;1.4
09180;Garmisch-Partenkirchen;13.73;1.051;1.4;1.4
09181;Landsberg am Lech;13.06;1.071;1.4;1.4
09182;Miesbach;15.85;1.043;1.4;1.4
09183;Mühldorf a.Inn;10.7;1.077;1.4;1.4
09184;München;18.72;1.041;1.4;1.4
09185;Neuburg-Schrobenhausen;11.1;1.131;1.4;1.4
09186;Pfaffenhofen a.d.Ilm;11.86;1.147;1.4;1.4
09187;Rosenheim;13.1;1.061;1.4;1.4
09188;Starnberg;17.23;1.023;1.4;1.4
09189;Traunstein;11.72;1.067;1.4;1.4
09190;Weilheim-Schongau;13.22;1.067;1.4;1.4
09261;Landshut, Stadt;12.77;1.055;1.0;1.0
09262;Passau, Stadt;10.47;1.095;1.0;1.0
09263;Straubing;10.06;1.091;1.0;1.0
09271;Deggendorf;9.96;1.136;1.0;1.0
09272;Freyung-Grafenau;8.08;1.153;1.0;1.0
09273;Kelheim;10.12;1.129;1.0;1.0
09274;Landshut;10.53;1.128;1.0;1.0
09275;Passau;9.07;1.123;1.0;1.0
09276;Regen;7.55;1.16;1.0;1.0
09277;Rottal-Inn;8.83;1.133;1.0;1.0
09278;Straubing-Bogen;9.23;1.172;1.0;1.0
09279;Dingolfing-Landau;9.67;1.169;1.0;1.0
09361;Amberg;10.29;1.058;1.1;1.1
09362;Regensburg, Stadt;13.76;1.072;1.1;1.1
09363;Weiden i.d.OPf.;9.4;1.043;1.1;1.1
09371;Amberg-Sulzbach;8.28;1.09;1.1;1.1
09372;Cham;8.38;1.155;1.1;1.1
09373;Neumarkt i.d.OPf.;10.89;1.109;1.1;1.1
09374;Neustadt a.d.Waldnaab;8.14;1.058;1.1;1.1
09375;Regensburg;10.19;1.121;1.1;1.1
09376;Schwandorf;9.13;1.122;1.1;1.1
09377;Tirschenreuth;7.24;1.102;1.1;1.1
09461;Bamberg, Stadt;11.92;1.068;1.0;1.1
09462;Bayreuth, Stadt;11.48;1.076;1.0;1.1
09463;Coburg, Stadt;8.9;1.055;1.0;1.1
09464;Hof, Stadt;7.46;1.064;1.0;1.1
09471;Bamberg;10.76;1.126;1.0;1.1
09472;Bayreuth;9.49;1.109;1.0;1.1
09473;Coburg;7.73;1.074;1.0;1.1
09474;Forchheim;10.35;1.092;1.0;1.1
09475;Hof;7.03;1.067;1.0;1.1
09476;Kronach;8.3;1.11;1.0;1.1
09477;Kulmbach;8.18;1.101;1.0;1.1
09478;Lichtenfels;8.47;1.126;1.0;1.1
09479;Wunsiedel i.Fichtelgebirge;7.14;1.068;1.0;1.1
09561;Ansbach, Stadt;9.84;1.089;1.2;1.1
09562;Erlangen;12.83;1.089;1.2;1.1
09563;Fürth, Stadt;12.37;1.043;1.2;1.1
09564;Nürnberg, Stadt;12.46;1.042;1.2;1.1
09565;Schwabach;10.45;1.039;1.2;1.1
09571;Ansbach;9.04;1.115;1.2;1.1
09572;Erlangen-Höchstadt;11.27;1.09;1.2;1.1
09573;Fürth;11.44;1.053;1.2;1.1
09574;Nürnberger Land;10.99;1.062;1.2;1.1
09575;Neustadt a.d.Aisch-Bad Windsheim;9.41;1.109;1.2;1.1
09576;Roth;10.45;1.089;1.2;1.1
09577;Weißenburg-Gunzenhausen;9.58;1.119;1.2;1.1
09661;Aschaffenburg, Stadt;11.57;1.061;1.0;1.0
09662;Schweinfurt, Stadt;8.9;1.039;1.0;1.0
09663;Würzburg, Stadt;12.54;1.065;1.0;1.0
09671;Aschaffenburg;10.35;1.109;1.0;1.0
09672;Bad Kissingen;7.99;1.127;1.0;1.0
09673;Rhön-Grabfeld;8.08;1.142;1.0;1.0
09674;Haßberge;8.38;1.128;1.0;1.0
09675;Kitzingen;9.52;1.11;1.0;1.0
09676;Miltenberg;9.85;1.1;1.0;1.0
09677;Main-Spessart;8.86;1.124;1.0;1.0
09678;Schweinfurt;8.79;1.111;1.0;1.0
09679;Würzburg;10.99;1.11;1.0;1.0
09761;Augsburg, Stadt;13.58;1.042;1.2;1.2
09762;Kaufbeuren;10.53;1.046;1.2;1.2
09763;Kempten (Allgäu);12.1;1.052;1.2;1.2
09764;Memmingen;11.88;1.03;1.2;1.2
09771;Aichach-Friedberg;11.99;1.083;1.2;1.2
09772;Augsburg;12.11;1.08;1.2;1.2
09773;Dillingen a.d.Donau;10.15;1.118;1.2;1.2
09774;Günzburg;10.47;1.094;1.2;1.2
09775;Neu-Ulm;12.16;1.103;1.2;1.2
09776;Lindau (Bodensee);12.85;1.072;1.2;1.2
09777;Ostallgäu;11.69;1.099;1.2;1.2
09778;Unterallgäu;11.37;1.121;1.2;1.2
09779;Donau-Ries;10.2;1.129;1.2;1.2
09780;Oberallgäu;12.1;1.095;1.2;1.2
10041;Regionalverband Saarbrücken;9.07;1.096;1.0;1.1
10042;Merzig-Wadern;9.24;1.102;1.0;1.1
10043;Neunkirchen;8.15;1.124;1.0;1.1
10044;Saarlouis;8.75;1.124;1.0;1.1
10045;Saarpfalz-Kreis;9.76;1.109;1.0;1.1
10046;St. Wendel;8.41;1.15;1.0;1.1
11000;Berlin, Stadt;14.09;1.009;1.6;1.2
12051;Brandenburg an der Havel, Stadt;8.54;1.003;1.2;1.2
12052;Cottbus, Stadt;7.97;0.991;1.2;1.2
12053;Frankfurt (Oder), Stadt;7.54;1.007;1.2;1.2
12054;Potsdam, Stadt;12.02;1.0;1.2;1.2
12060;Barnim;10.43;0.988;1.2;1.2
12061;Dahme-Spreewald;14.05;0.982;1.2;1.2
12062;Elbe-Elster;6.19;1.035;1.2;1.2
12063;Havelland;11.05;0.989;1.2;1.2
12064;Märkisch-Oderland;9.84;0.982;1.2;1.2
12065;Oberhavel;12.71;0.986;1.2;1.2
12066;Oberspreewald-Lausitz;6.54;1.001;1.2;1.2
12067;Oder-Spree;9.64;0.996;1.2;1.2
12068;Ostprignitz-Ruppin;8.72;1.028;1.2;1.2
12069;Potsdam-Mittelmark;10.04;0.987;1.2;1.2
12070;Prignitz;7.1;1.027;1.2;1.2
12071;Spree-Neiße;6.43;1.022;1.2;1.2
12072;Teltow-Fläming;10.02;1.0;1.2;1.2
12073;Uckermark;7.17;1.016;1.2;1.2
13003;Rostock;10.94;0.998;1.2;1.2
13004;Schwerin;9.37;0.995;1.2;1.2
13071;Mecklenburgische Seenplatte;6.75;1.018;1.2;1.2
13072;Landkreis Rostock;8.52;1.007;1.2;1.2
13073;Vorpommern-Rügen;8.54;1.021;1.2;1.2
13074;Nordwestmecklenburg;8.73;1.018;1.2;1.2
13075;Vorpommern-Greifswald;8.78;1.024;1.2;1.2
13076;Ludwigslust-Parchim;7.54;1.028;1.2;1.2
14511;Chemnitz, Stadt;5.86;0.994;1.1;1.3
14521;Erzgebirgskreis;5.76;1.026;1.1;1.3
14522;Mittelsachsen;6.02;1.02;1.1;1.3
14523;Vogtlandkreis;5.35;1.023;1.1;1.3
14524;Zwickau;6.03;1.014;1.1;1.3
14612;Dresden, Stadt;9.64;1.006;1.2;1.2
14625;Bautzen;6.2;1.01;1.2;1.2
14626;Görlitz;5.89;1.032;1.2;1.2
14627;Meißen;6.96;1.007;1.2;1.2
14628;Sächsische Schweiz-Osterzgebirge;7.53;1.005;1.2;1.2
14713;Leipzig, Stadt;9.9;1.007;1.2;1.2
14729;Leipzig;7.24;1.001;1.2;1.2
14730;Nordsachsen;7.35;1.015;1.2;1.2
15001;Dessau-Roßlau, Stadt;7.05;1.003;1.1;1.2
15002;Halle (Saale), Stadt;8.03;1.003;1.1;1.2
15003;Magdeburg, Landeshauptstadt;7.37;0.989;1.1;1.2
15081;Altmarkkreis Salzwedel;6.06;1.04;1.1;1.2
15082;Anhalt-Bitterfeld;6.61;1.029;1.1;1.2
15083;Börde;6.35;1.031;1.1;1.2
15084;Burgenlandkreis;6.1;1.029;1.1;1.2
15085;Harz;6.41;1.032;1.1;1.2
15086;Jerichower Land;6.77;1.019;1.1;1.2
15087;Mansfeld-Südharz;6.08;1.038;1.1;1.2
15088;Saalekreis;6.67;1.024;1.1;1.2
15089;Salzlandkreis;6.22;1.023;1.1;1.2
15090;Stendal;6.54;1.034;1.1;1.2
15091;Wittenberg;6.37;1.032;1.1;1.2
16051;Erfurt, Stadt;10;1.013;1.1;1.2
16052;Gera, Stadt;6.17;1.013;1.1;1.2
16053;Jena, Stadt;11.66;1.009;1.1;1.2
16054;Suhl, Stadt;6.73;1.003;1.1;1.2
16055;Weimar, Stadt;9.75;1.019;1.1;1.2
16061;Eichsfeld;7.16;1.034;1.1;1.2
16062;Nordhausen;6.42;1.033;1.1;1.2
16063;Wartburgkreis;7.02;1.04;1.1;1.2
16064;Unstrut-Hainich-Kreis;6.34;1.034;1.1;1.2
16065;Kyffhäuserkreis;6.31;1.016;1.1;1.2
16066;Schmalkalden-Meiningen;6.69;1.034;1.1;1.2
16067;Gotha;6.96;1.042;1.1;1.2
16068;Sömmerda;7.46;1.01;1.1;1.2
16069;Hildburghausen;7.05;1.042;1.1;1.2
16070;Ilm-Kreis;7.71;1.025;1.1;1.2
16071;Weimarer Land;8.2;1.016;1.1;1.2
16072;Sonneberg;6.52;1.029;1.1;1.2
16073;Saalfeld-Rudolstadt;6.81;1.026;1.1;1.2
16074;Saale-Holzland-Kreis;7.18;1.007;1.1;1.2
16075;Saale-Orla-Kreis;6.32;1.045;1.1;1.2
16076;Greiz;5.68;1.026;1.1;1.2
16077;Altenburger Land;6.14;1.023;1.1;1.2
